patient_id,service_date,normalized_code,code_system,days_supply
9000000101,2021-03-01,55555555555,NDC,30
9000000101,2021-03-25,55555555555,NDC,30
9000000101,2021-04-18,55555555555,NDC,30
9000000101,2021-03-05,44444444444,NDC,30
9000000102,2021-06-01,11111111111,NDC,30
9000000102,2021-06-25,11111111111,NDC,30
9000000102,2021-07-19,11111111111,NDC,30
9000000102,2021-06-05,22222222222,NDC,30
9000000102,2021-06-29,22222222222,NDC,30
9000000102,2021-06-03,44444444444,NDC,30
9000000102,2021-09-15,11111111111,NDC,30
9000000102,2021-10-09,11111111111,NDC,30
9000000102,2021-11-02,11111111111,NDC,30
9000000103,2021-01-05,11111111111,NDC,30
9000000103,2021-01-29,11111111111,NDC,30
9000000103,2021-02-22,11111111111,NDC,30
9000000103,2021-03-18,11111111111,NDC,30
9000000103,2021-04-11,11111111111,NDC,30
9000000103,2021-05-05,11111111111,NDC,30
9000000103,2021-05-29,11111111111,NDC,30
9000000103,2021-06-22,11111111111,NDC,30
9000000103,2021-07-16,11111111111,NDC,30
9000000103,2021-08-09,11111111111,NDC,30
9000000103,2021-01-08,22222222222,NDC,30
9000000103,2021-02-01,22222222222,NDC,30
9000000103,2021-01-06,44444444444,NDC,30
9000000104,2021-03-01,11111111111,NDC,30
9000000104,2021-03-25,11111111111,NDC,30
9000000104,2021-04-15,11111111111,NDC,30
9000000104,2021-05-10,11111111111,NDC,30
9000000104,2021-03-10,22222222222,NDC,30
9000000104,2021-03-05,44444444444,NDC,30
9000000104,2021-05-15,33333333333,NDC,30
9000000105,2020-01-06,11111111111,NDC,30
9000000105,2020-01-30,11111111111,NDC,30
9000000105,2020-02-23,11111111111,NDC,30
9000000105,2020-01-09,22222222222,NDC,30
9000000105,2020-02-02,22222222222,NDC,30
9000000105,2020-01-07,44444444444,NDC,30
9000000105,2020-09-20,33333333333,NDC,30
9000000106,2018-06-01,22222222222,NDC,30
9000000106,2018-06-25,22222222222,NDC,30
9000000106,2018-06-01,11111111111,NDC,30
9000000106,2018-06-25,11111111111,NDC,30
9000000106,2018-06-03,44444444444,NDC,30
9000000106,2019-02-01,33333333333,NDC,30
9000000106,2019-02-25,33333333333,NDC,30
9000000106,2019-02-01,55555555555,NDC,30
9000000106,2019-02-25,55555555555,NDC,30
9000000106,2019-02-03,44444444444,NDC,30
9000000106,2019-10-01,66666666666,NDC,30
9000000106,2019-10-25,66666666666,NDC,30
9000000106,2019-10-03,44444444444,NDC,30
9000000106,2020-06-01,77777777777,NDC,30
9000000106,2020-06-25,77777777777,NDC,30
9000000106,2020-06-01,55555555555,NDC,30
9000000106,2020-06-25,55555555555,NDC,30
9000000106,2020-06-03,44444444444,NDC,30
9000000106,2021-02-01,88888888888,NDC,30
9000000106,2021-02-25,88888888888,NDC,30
9000000106,2021-02-01,11111111111,NDC,30
9000000106,2021-02-25,11111111111,NDC,30
9000000106,2021-02-03,44444444444,NDC,30
