table_id,sheet,title,objective,notes
F1,F1. Sample Selection,Sample selection,Primary objective,Attrition from the cohort build to the analysis population.
T1,T1. SOC baseline by LOT,"Baseline demographics, comorbidities and clinical characteristics for NDMM and RRMM cohorts, overall and by LOT",Primary objective / secondary baseline,Columns are lines of therapy split by regimen class.
T1b,T1b. Baseline by neuropathy,"Baseline demographics, comorbidities and clinical characteristics for NDMM and RRMM cohorts",Primary objective / secondary baseline,Same rows as T1; columns split by baseline neuropathy instead of regimen class.
T2a,T2a. 1L Safety and HRU,Real-world treatment outcomes used to proxy treatment effectiveness and tolerability during 1L baseline and treatment periods,Secondary objective,"Background prevalence during baseline beside on-treatment incidence during follow-up. The safety and HCRU tables the package writes are grouped by cohort, line and period only, so every regimen class column here reads as not filled: splitting them needs the package to group by SOC category."
T2b,T2b. 2L Safety and HRU,Real-world treatment outcomes used to proxy treatment effectiveness and tolerability during 2L baseline and treatment periods,Secondary objective,"As T2a for the second line. Carries a secondary malignancy row that T2a does not. As T2a, and the class columns cannot fill for the same reason."
T3,T3. Secondary malignancies,Occurrence of secondary malignancies,Secondary objective,Columns are the interval in which the malignancy occurred.
T4,T4. Tx outcomes by class,Real-world treatment outcomes used to proxy treatment effectiveness and tolerability,Secondary objective,"Time to next treatment, time to discontinuation and overall survival by line and regimen class."
T5c,T5c. Tx outcomes by subgroup,"Real-world treatment outcomes used to proxy treatment effectiveness and tolerability, by age, neuropathy, and frailty (1L and 2L only)",Secondary objective,As T4 with subgroup columns in place of regimen class.
T2x,T2. Tx and Attrition by LOT,"Treatments received in each line, attrition, and common sequences",Secondary objective,"Regimen class counts and the commonest sequences, by line and subgroup. The subgroup columns fill only from the per-patient tables; the treatment and outcome rows read S_PATTERNS and S_TX_ATTRITION, which carry no patient, so those cells fill in the Overall columns alone."
