patient_id,service_date,normalized_code,code_system,days_supply
9000000001,2021-01-01,11111111111,NDC,30
9000000001,2021-01-15,11111111111,NDC,30
9000000001,2021-06-01,11111111111,NDC,30
9000000002,2021-02-01,22222222222,NDC,10
9000000002,2021-02-20,22222222222,NDC,10
9000000003,2021-03-01,11111111111,NDC,30
9000000003,2021-03-25,11111111111,NDC,30
9000000003,2021-04-15,11111111111,NDC,30
9000000003,2021-05-10,11111111111,NDC,30
9000000003,2021-03-10,22222222222,NDC,30
9000000003,2021-03-05,44444444444,NDC,30
9000000003,2021-05-15,33333333333,NDC,30
9000000004,2021-07-01,44444444444,NDC,30
