"patient_id","lot_num","lot_start_dt","lot_start_type","lot_base_meds","lot_med_cnt","lot_base_discon_dt","lot_base_1st_add_med_dt","lot_base_1st_add_med","lot_base_end_dt","lot_base_end_reason","lot_base_length","lot_allo_lot_flg","lot_cart_lot_flg","contains_mtx_reg","lot_base_end_dt_ce_sens","lot_base_end_reason_ce_sens","lot_tx_auto_flg","lot_tx_auto_tand_flg","lot_tx_auto_sing_flg","lot_tx_auto_dt_1","lot_tx_auto_dt_2","lot_tx_auto_max_dt"
"9000000101",1,2021-03-01,"MED","POMA",1,2021-05-29,,,2021-05-29,"DISCONTINUATION",90,0,0,0,2021-05-29,"DISCONTINUATION",0,0,0,,,
"9000000102",1,2021-06-01,"MED","BORT LENA",2,2021-12-13,,,2021-12-13,"DISCONTINUATION",196,0,0,1,2021-12-13,"DISCONTINUATION",1,0,1,2021-08-15,,2021-08-15
"9000000103",1,2021-01-05,"MED","BORT LENA",2,2021-10-31,,,2021-10-31,"DISCONTINUATION",300,0,0,1,2021-10-31,"DISCONTINUATION",1,1,0,2021-04-01,2021-07-10,2021-07-10
"9000000104",1,2021-03-01,"MED","BORT LENA",2,2021-06-28,2021-05-14,"DARA",2021-04-14,"SCT_ALLO",45,0,0,1,2021-04-14,"SCT_ALLO",0,0,0,,,
"9000000104",2,2021-04-15,"SCT_ALLO","",0,,,,2021-04-15,"SCT_ALLO",1,1,0,0,2021-04-15,"SCT_ALLO",0,0,0,,,
"9000000104",3,2021-05-15,"MED","DARA",1,2021-06-13,,,2021-06-13,"DISCONTINUATION",30,0,0,0,2021-06-13,"DISCONTINUATION",0,0,0,,,
"9000000105",1,2020-01-06,"MED","BORT LENA",2,2020-04-04,,,2020-04-04,"DISCONTINUATION",90,0,0,1,2020-04-04,"DISCONTINUATION",0,0,0,,,
"9000000105",2,2020-09-01,"CART","DARA",1,2020-10-19,,,2020-10-19,"DISCONTINUATION",49,0,1,0,2020-10-19,"DISCONTINUATION",0,0,0,,,
"9000000106",1,2018-06-01,"MED","BORT LENA",2,2021-04-01,2019-01-31,"DARA",2019-01-31,"MED_ADD",245,0,0,1,2019-01-31,"MED_ADD",0,0,0,,,
"9000000106",2,2019-02-01,"MED","DARA POMA",2,2020-07-30,2019-09-30,"CARF",2019-09-30,"MED_ADD",242,0,0,0,2019-09-30,"MED_ADD",0,0,0,,,
"9000000106",3,2019-10-01,"MED","CARF",1,2019-11-29,,,2019-11-29,"DISCONTINUATION",60,0,0,0,2019-11-29,"DISCONTINUATION",0,0,0,,,
"9000000106",4,2020-06-01,"MED","ELOT POMA",2,2020-07-30,,,2020-07-30,"DISCONTINUATION",60,0,0,0,2020-07-30,"DISCONTINUATION",0,0,0,,,
"9000000106",5,2021-02-01,"MED","ISAT LENA",2,2021-04-01,,,2021-04-01,"DISCONTINUATION",60,0,0,1,2021-04-01,"DISCONTINUATION",0,0,0,,,
