"patient_id","med_abbr","med_class","map_cnt","map_start_dt","map_rx_runout_dt","map_med_runout_dt","map_end_dt","map_med_type","map_med_class","map_discon_flg"
"9000000101","DEX","STEROID",1,2021-03-05,2021-04-03,,2021-04-03,"DEX","STEROID",1
"9000000101","POMA","IMID",1,2021-03-01,2021-05-29,,2021-05-29,"POMA","IMID",1
"9000000102","BORT","PI",1,2021-06-05,2021-08-03,,2021-08-03,"BORT","PI",1
"9000000102","DEX","STEROID",1,2021-06-03,2021-07-02,,2021-07-02,"DEX","STEROID",1
"9000000102","LENA","IMID",1,2021-06-01,2021-08-29,,2021-08-29,"LENA","IMID",0
"9000000102","LENA","IMID",2,2021-09-15,2021-12-13,,2021-12-13,"LENA","IMID",1
"9000000103","BORT","PI",1,2021-01-08,2021-03-08,,2021-03-08,"BORT","PI",1
"9000000103","DEX","STEROID",1,2021-01-06,2021-02-04,,2021-02-04,"DEX","STEROID",1
"9000000103","LENA","IMID",1,2021-01-05,2021-10-31,,2021-10-31,"LENA","IMID",1
"9000000104","BORT","PI",1,2021-03-10,2021-04-08,,2021-04-08,"BORT","PI",1
"9000000104","DARA","MAB",1,2021-05-15,2021-06-13,,2021-06-13,"DARA","MAB",1
"9000000104","DEX","STEROID",1,2021-03-05,2021-04-03,,2021-04-03,"DEX","STEROID",1
"9000000104","LENA","IMID",1,2021-03-01,2021-06-28,,2021-06-28,"LENA","IMID",1
"9000000105","BORT","PI",1,2020-01-09,2020-03-08,,2020-03-08,"BORT","PI",1
"9000000105","DARA","MAB",1,2020-09-20,2020-10-19,,2020-10-19,"DARA","MAB",1
"9000000105","DEX","STEROID",1,2020-01-07,2020-02-05,,2020-02-05,"DEX","STEROID",1
"9000000105","LENA","IMID",1,2020-01-06,2020-04-04,,2020-04-04,"LENA","IMID",1
"9000000106","BORT","PI",1,2018-06-01,2018-07-30,,2018-07-30,"BORT","PI",1
"9000000106","CARF","PI",1,2019-10-01,2019-11-29,,2019-11-29,"CARF","PI",1
"9000000106","DARA","MAB",1,2019-02-01,2019-04-01,,2019-04-01,"DARA","MAB",1
"9000000106","DEX","STEROID",1,2018-06-03,2018-07-02,,2018-07-02,"DEX","STEROID",1
"9000000106","DEX","STEROID",2,2019-02-03,2019-03-04,,2019-03-04,"DEX","STEROID",1
"9000000106","DEX","STEROID",3,2019-10-03,2019-11-01,,2019-11-01,"DEX","STEROID",1
"9000000106","DEX","STEROID",4,2020-06-03,2020-07-02,,2020-07-02,"DEX","STEROID",1
"9000000106","DEX","STEROID",5,2021-02-03,2021-03-04,,2021-03-04,"DEX","STEROID",1
"9000000106","ELOT","SLAMF7",1,2020-06-01,2020-07-30,,2020-07-30,"ELOT","SLAMF7",1
"9000000106","ISAT","MAB",1,2021-02-01,2021-04-01,,2021-04-01,"ISAT","MAB",1
"9000000106","LENA","IMID",1,2018-06-01,2018-07-30,,2018-07-30,"LENA","IMID",1
"9000000106","LENA","IMID",2,2021-02-01,2021-04-01,,2021-04-01,"LENA","IMID",1
"9000000106","POMA","IMID",1,2019-02-01,2019-04-01,,2019-04-01,"POMA","IMID",1
"9000000106","POMA","IMID",2,2020-06-01,2020-07-30,,2020-07-30,"POMA","IMID",1
